{"cameraMode":{"drawMode":0,"name":"Shaded","section":"Shading Mode"},"sceneLighting":false,"audioPlay":false,"sceneViewState":{"showFog":true,"showMaterialUpdate":false,"showSkybox":false,"showFlares":true,"showImageEffects":true,"showParticleSystems":true},"in2DMode":false,"pivot":{"x":50.18785095214844,"y":49.463050842285159,"z":1.4328819513320923},"rotation":{"x":0.11551783978939057,"y":0.023832257837057115,"z":-0.002772427164018154,"w":0.9930156469345093},"size":2.7009479999542238,"orthographic":false}